{
"options" : {
"background":{
"color": [
1,
1,
1
],
"enable":"fixed",
"uid":"6420d83b8d7448d28a1811bf9a190df6"
},
"environment":{
"backgroundExposure":1,
"enable":false,
"uid":"2fa15e0b1cee45a5b02605a288934e1b",
"blur":0.1,
"rotation":0,
"exposure":1
},
"lighting":{
"lights":[
{
"enable":true,
"angle":45,
"matrix":[
-0.9815804500275482,
0.1909922167095499,
-0.004668327333101102,
0,
0.13548347102422797,
0.7131126062169096,
0.6878332937084056,
0,
0.13469984856318096,
0.6745312327912614,
-0.7258536813891331,
0,
59.17967283726173,
344.8378851227017,
-381.93446709343857,
1
],
"color":[
1,
1,
1
],
"intensityGround":1,
"attachedToCamera":true,
"falloff":1.2951802805062875e-05,
"shadowSize":1024,
"castShadows":true,
"intensity":0.96,
"shadowBias":0.265,
"type":"DIRECTION",
"hardness":0.5,
"ground":[
0.3,
0.2,
0.2
]
},
{
"enable":true,
"angle":45,
"matrix":[
0.7755211495104662,
-0.0666602860002539,
0.6277924441503967,
0,
0.2690483737361956,
0.9344846523281437,
-0.233133882464682,
0,
-0.5711216326246741,
0.3497067926613838,
0.7426474533145686,
0,
-250.91889767977145,
202.12815293411467,
263.2429818953365,
1
],
"color":[
1,
1,
1
],
"intensityGround":1,
"attachedToCamera":true,
"falloff":1.2951802805062875e-05,
"shadowSize":1024,
"castShadows":true,
"intensity":1,
"shadowBias":0.265,
"type":"DIRECTION",
"hardness":0.5,
"ground":[
0.3,
0.2,
0.2
]
},
{
"enable":true,
"angle":45,
"matrix":[
0.6903299131022926,
-0.7076363669144057,
-0.15064986988498263,
0,
-0.011089698239978026,
0.19785137301620165,
-0.9801692980238416,
0,
0.7234097246160907,
0.6783108479272498,
0.12873524736872857,
0,
317.82593946268776,
346.4984370923047,
-6.47578207083896,
1
],
"color":[
0.423469387755102,
0.7352665556018328,
1
],
"intensityGround":1,
"attachedToCamera":true,
"falloff":1.2951802805062875e-05,
"shadowSize":1024,
"castShadows":true,
"intensity":1,
"shadowBias":0.265,
"type":"DIRECTION",
"hardness":0.5,
"ground":[
0.9642857142857143,
0.6484128636877489,
0.2607507288629738
]
}
],
"enable":true
}
}
}
