{
	"options":{
		"orientation":{
			"matrix":[
				1,
				0,
				0,
				0,
				0,
				1,
				0,
				0,
				0,
				0,
				1,
				0,
				0,
				0,
				0,
				1
			]
		},
		"wireframe":{
			"color":"88888833",
			"enable":false
		},
		"background":{
			"color":[
				1,
				1,
				1
			],
			"enable":"color",
			"uid":"6420d83b8d7448d28a1811bf9a190df6"
		},
		"scene":{
			"fov":45,
			"postProcess":{
				"toneMapping":{
					"saturation":1,
					"enable":false,
					"brightness":0,
					"method":"default",
					"contrast":0,
					"exposure":1
				},
				"enable":true,
				"vignette":{
					"lens":[
						0.8,
						0.25
					],
					"enable":false
				},
				"grain":{
					"enable":false,
					"animated":false,
					"factor":0.15
				},
				"chromaticAberration":{
					"enable":false,
					"factor":0.05
				},
				"sharpen":{
					"enable":false,
					"factor":1
				},
				"colorBalance":{
					"high":[
						0,
						0,
						0
					],
					"enable":false,
					"low":[
						0,
						0,
						0
					],
					"mid":[
						0,
						0,
						0
					]
				},
				"bloom":{
					"threshold":0,
					"enable":false,
					"radius":0.7,
					"factor":0.5
				}
			}
		},
		"environment":{
			"backgroundExposure":1,
			"enable":false,
			"uid":"956bb00775a044e7afdd1c17f6bdab63",
			"blur":0.1,
			"rotation":0,
			"exposure":2.246
		},
		"camera":{
			"position":[
				5.5554095666,
				-7.970304947,
				2.6435574136
			],
			"target":[
				0.1313886261,
				0.4765852737,
				-0.1919308472
			]
		},
		"lighting":{
			"lights":[
				{
					"enable":true,
					"angle":45,
					"matrix":[
						-0.8452021462,
						0.3872244302,
						-0.3683620131,
						0,
						0.0358224982,
						0.728735825,
						0.6838573286,
						0,
						0.5332448599,
						0.5648020343,
						-0.6298004298,
						0,
						0.5740215698,
						2.5430468853,
						-2.515749179,
						1
					],
					"color":[
						1,
						1,
						1
					],
					"intensityGround":1,
					"attachedToCamera":true,
					"falloff":0.2315190628,
					"castShadows":true,
					"intensity":0.8,
					"shadowBias":0.005,
					"ground":[
						0.3,
						0.2,
						0.2
					],
					"type":"DIRECTION",
					"hardness":0.5,
					"shadowSize":1024
				},
				{
					"enable":true,
					"angle":45,
					"matrix":[
						0.8895119957,
						-0.1482800681,
						0.4321821733,
						0,
						0.2690483737,
						0.9344846523,
						-0.2331338825,
						0,
						-0.3692985,
						0.3236532959,
						0.8711298192,
						0,
						-1.7453562416,
						1.4756514898,
						2.3098462991,
						1
					],
					"color":[
						1,
						1,
						1
					],
					"intensityGround":1,
					"attachedToCamera":true,
					"falloff":0.2315190628,
					"castShadows":true,
					"intensity":1,
					"shadowBias":0.005,
					"ground":[
						0.3,
						0.2,
						0.2
					],
					"type":"DIRECTION",
					"hardness":0.5,
					"shadowSize":1024
				},
				{
					"enable":true,
					"angle":45,
					"matrix":[
						0.5480908544,
						-0.8186580768,
						-0.171450776,
						0,
						-0.0110896982,
						0.197851373,
						-0.980169298,
						0,
						0.8363452839,
						0.5391231654,
						0.0993618571,
						0,
						2.5085626122,
						2.5554669599,
						0.2924886717,
						1
					],
					"color":[
						1,
						1,
						1
					],
					"intensityGround":0.06,
					"attachedToCamera":true,
					"falloff":0.2315190628,
					"castShadows":true,
					"intensity":0.5,
					"shadowBias":0.005,
					"ground":[
						0.9642857143,
						0.6484128637,
						0.2607507289
					],
					"type":"DIRECTION",
					"hardness":0.5,
					"shadowSize":1024
				}
			],
			"enable":true
		},
		"shading":{
			"vertexColor":{
				"enable":false,
				"colorSpace":"linear"
			},
			"type":"lit",
			"renderer":"classic"
		},
		"animation":{
			"speed":1,
			"order":[
			],
			"cycleMode":"one",
			"autoplay":true
		}
	}
}
